{
    "NODES": 7,
    "grid_size": 50,
    "xc": [
        0.0,
        -2.2069969091017647,
        -7.00305909317996,
        -15.642859149856115,
        22.00344920533926,
        -5.897981748068592,
        -12.506358168360604,
        9.629707938164586
    ],
    "yc": [
        0.0,
        2.529454610804933,
        -9.877431713296708,
        -5.336121247962879,
        -11.711124987710397,
        16.292072251436117,
        20.678374270925495,
        14.011638841150429
    ],
    "w_dv": 1.5,
    "w_ev": 1,
    "theta": 0.2,
    "tol": 0.0001,
    "N": [
        1,
        2,
        3,
        4,
        5,
        6,
        7
    ],
    "V": [
        0,
        1,
        2,
        3,
        4,
        5,
        6,
        7
    ],
    "Q_EV": 10,
    "Q_GV": 15,
    "q": {
        "1": 6,
        "2": 1,
        "3": 5,
        "4": 1,
        "5": 4,
        "6": 3,
        "7": 4,
        "0": 0
    },
    "adjustment": 1,
    "total_dem": 28,
    "num_EV": 2,
    "num_clusters": 0,
    "num_GV": 7,
    "num_TV": 9,
    "K": [
        1,
        2,
        3,
        4,
        5,
        6,
        7,
        8,
        9
    ],
    "D": [
        1,
        2,
        3,
        4,
        5,
        6,
        7
    ],
    "E": [
        8,
        9
    ],
    "A": [
        [
            0,
            1
        ],
        [
            0,
            2
        ],
        [
            0,
            3
        ],
        [
            0,
            4
        ],
        [
            0,
            5
        ],
        [
            0,
            6
        ],
        [
            0,
            7
        ],
        [
            1,
            0
        ],
        [
            1,
            2
        ],
        [
            1,
            3
        ],
        [
            1,
            4
        ],
        [
            1,
            5
        ],
        [
            1,
            6
        ],
        [
            1,
            7
        ],
        [
            2,
            0
        ],
        [
            2,
            1
        ],
        [
            2,
            3
        ],
        [
            2,
            4
        ],
        [
            2,
            5
        ],
        [
            2,
            6
        ],
        [
            2,
            7
        ],
        [
            3,
            0
        ],
        [
            3,
            1
        ],
        [
            3,
            2
        ],
        [
            3,
            4
        ],
        [
            3,
            5
        ],
        [
            3,
            6
        ],
        [
            3,
            7
        ],
        [
            4,
            0
        ],
        [
            4,
            1
        ],
        [
            4,
            2
        ],
        [
            4,
            3
        ],
        [
            4,
            5
        ],
        [
            4,
            6
        ],
        [
            4,
            7
        ],
        [
            5,
            0
        ],
        [
            5,
            1
        ],
        [
            5,
            2
        ],
        [
            5,
            3
        ],
        [
            5,
            4
        ],
        [
            5,
            6
        ],
        [
            5,
            7
        ],
        [
            6,
            0
        ],
        [
            6,
            1
        ],
        [
            6,
            2
        ],
        [
            6,
            3
        ],
        [
            6,
            4
        ],
        [
            6,
            5
        ],
        [
            6,
            7
        ],
        [
            7,
            0
        ],
        [
            7,
            1
        ],
        [
            7,
            2
        ],
        [
            7,
            3
        ],
        [
            7,
            4
        ],
        [
            7,
            5
        ],
        [
            7,
            6
        ]
    ],
    "a": {
        "(0, 1)": 3.356929547206357,
        "(0, 2)": 12.108116860743047,
        "(0, 3)": 16.52795306004945,
        "(0, 4)": 24.925934795102865,
        "(0, 5)": 17.326794479838586,
        "(0, 6)": 24.166177958539357,
        "(0, 7)": 17.00168515145441,
        "(1, 0)": 3.356929547206357,
        "(1, 2)": 13.301617974243783,
        "(1, 3)": 15.568868865224587,
        "(1, 4)": 28.088072350410656,
        "(1, 5)": 14.248965345024025,
        "(1, 6)": 20.867681403985266,
        "(1, 7)": 16.490850079389283,
        "(2, 0)": 12.108116860743047,
        "(2, 1)": 13.301617974243783,
        "(2, 3)": 9.760617078950073,
        "(2, 4)": 29.064410448118405,
        "(2, 5)": 26.192825996803887,
        "(2, 6)": 31.047440797210864,
        "(2, 7)": 29.109047237488472,
        "(3, 0)": 16.52795306004945,
        "(3, 1)": 15.568868865224587,
        "(3, 2)": 9.760617078950073,
        "(3, 4)": 38.182262969293056,
        "(3, 5)": 23.72217084550472,
        "(3, 6)": 26.202893265996135,
        "(3, 7)": 31.828265232091944,
        "(4, 0)": 24.925934795102865,
        "(4, 1)": 28.088072350410656,
        "(4, 2)": 29.064410448118405,
        "(4, 3)": 38.182262969293056,
        "(4, 5)": 39.53060719066087,
        "(4, 6)": 47.32870658696522,
        "(4, 7)": 28.54417719855194,
        "(5, 0)": 17.326794479838586,
        "(5, 1)": 14.248965345024025,
        "(5, 2)": 26.192825996803887,
        "(5, 3)": 23.72217084550472,
        "(5, 4)": 39.53060719066087,
        "(5, 6)": 7.931600363006703,
        "(5, 7)": 15.69425128926829,
        "(6, 0)": 24.166177958539357,
        "(6, 1)": 20.867681403985266,
        "(6, 2)": 31.047440797210864,
        "(6, 3)": 26.202893265996135,
        "(6, 4)": 47.32870658696522,
        "(6, 5)": 7.931600363006703,
        "(6, 7)": 23.11819162398027,
        "(7, 0)": 17.00168515145441,
        "(7, 1)": 16.490850079389283,
        "(7, 2)": 29.109047237488472,
        "(7, 3)": 31.828265232091944,
        "(7, 4)": 28.54417719855194,
        "(7, 5)": 15.69425128926829,
        "(7, 6)": 23.11819162398027,
        "(0, 0)": 0
    },
    "r": {
        "0": 1,
        "1": 0,
        "2": 0,
        "3": 0,
        "4": 0,
        "5": 0,
        "6": 0,
        "7": 0
    },
    "st": {
        "1": 36,
        "2": 31,
        "3": 29,
        "4": 23,
        "5": 37,
        "6": 29,
        "7": 22,
        "0": 0
    },
    "time_limit": 60,
    "MIP_start": 1,
    "gamma": 0.0022166666666666667,
    "gamma_l": 0.0004333333333333333,
    "b": [
        [
            0,
            8
        ],
        [
            0,
            9
        ],
        [
            1,
            8
        ],
        [
            1,
            9
        ],
        [
            2,
            8
        ],
        [
            2,
            9
        ],
        [
            3,
            8
        ],
        [
            3,
            9
        ],
        [
            4,
            8
        ],
        [
            4,
            9
        ],
        [
            5,
            8
        ],
        [
            5,
            9
        ],
        [
            6,
            8
        ],
        [
            6,
            9
        ],
        [
            7,
            8
        ],
        [
            7,
            9
        ]
    ],
    "T_max_EV": 6800,
    "T_max_GV": 6800,
    "EV_velocity": 0.67,
    "GV_velocity": 0.67,
    "EV_cost": 0.38,
    "GV_cost": 0.2,
    "M": 4,
    "battery_threshold": 0.1,
    "alpha": 0.1,